location_id,name,territorial_group,location_type,address_line_1,address_line_2,postal_code,city,country,full_address,latitude,longitude,address_status,source_label,source_url,second_source_url,verified_at,notes
"bordeauxmetropole-bordeaux-bastide","Bordeaux Bastide","bordeauxMetropole","sdisStation","","","","","France","","","","not_found","","","","","Recherche officielle à poursuivre avec le SDIS 33 ou la commune."
"bordeauxmetropole-bordeaux-benauge","Bordeaux Benauge","bordeauxMetropole","sdisStation","","","","","France","","","","not_found","","","","","Recherche officielle à poursuivre avec le SDIS 33 ou la commune."
"bordeauxmetropole-bordeaux-cauderan","Bordeaux Caudéran","bordeauxMetropole","sdisStation","","","","","France","","","","not_found","","","","","Recherche officielle à poursuivre avec le SDIS 33 ou la commune."
"bordeauxmetropole-bordeaux-nord","Bordeaux Nord","bordeauxMetropole","sdisStation","","","","","France","","","","not_found","","","","","Recherche officielle à poursuivre avec le SDIS 33 ou la commune."
"bordeauxmetropole-bordeaux-ornano","Bordeaux Ornano","bordeauxMetropole","sdisStation","","","","","France","","","","not_found","","","","","Recherche officielle à poursuivre avec le SDIS 33 ou la commune."
"bordeauxmetropole-begles","Bègles","bordeauxMetropole","sdisStation","","","","","France","","","","not_found","","","","","Recherche officielle à poursuivre avec le SDIS 33 ou la commune."
"bordeauxmetropole-bassens","Bassens","bordeauxMetropole","sdisStation","","","","","France","","","","not_found","","","","","Recherche officielle à poursuivre avec le SDIS 33 ou la commune."
"bordeauxmetropole-bruges","Bruges","bordeauxMetropole","sdisStation","","","","","France","","","","not_found","","","","","Recherche officielle à poursuivre avec le SDIS 33 ou la commune."
"bordeauxmetropole-carbon-blanc","Carbon-Blanc","bordeauxMetropole","sdisStation","","","","","France","","","","not_found","","","","","Recherche officielle à poursuivre avec le SDIS 33 ou la commune."
"bordeauxmetropole-cenon","Cenon","bordeauxMetropole","sdisStation","","","","","France","","","","not_found","","","","","Recherche officielle à poursuivre avec le SDIS 33 ou la commune."
"bordeauxmetropole-eysines","Eysines","bordeauxMetropole","sdisStation","","","","","France","","","","not_found","","","","","Recherche officielle à poursuivre avec le SDIS 33 ou la commune."
"bordeauxmetropole-floirac","Floirac","bordeauxMetropole","sdisStation","","","","","France","","","","not_found","","","","","Recherche officielle à poursuivre avec le SDIS 33 ou la commune."
"bordeauxmetropole-le-haillan","Le Haillan","bordeauxMetropole","sdisStation","","","","","France","","","","not_found","","","","","Recherche officielle à poursuivre avec le SDIS 33 ou la commune."
"bordeauxmetropole-lormont","Lormont","bordeauxMetropole","sdisStation","","","","","France","","","","not_found","","","","","Recherche officielle à poursuivre avec le SDIS 33 ou la commune."
"bordeauxmetropole-merignac","Mérignac","bordeauxMetropole","sdisStation","","","","","France","","","","not_found","","","","","Recherche officielle à poursuivre avec le SDIS 33 ou la commune."
"bordeauxmetropole-pessac","Pessac","bordeauxMetropole","sdisStation","","","","","France","","","","not_found","","","","","Recherche officielle à poursuivre avec le SDIS 33 ou la commune."
"bordeauxmetropole-saint-medard-en-jalles","Saint-Médard-en-Jalles","bordeauxMetropole","sdisStation","","","","","France","","","","not_found","","","","","Recherche officielle à poursuivre avec le SDIS 33 ou la commune."
"bordeauxmetropole-talence","Talence","bordeauxMetropole","sdisStation","","","","","France","","","","not_found","","","","","Recherche officielle à poursuivre avec le SDIS 33 ou la commune."
"bordeauxmetropole-villenave-d-ornon","Villenave-d'Ornon","bordeauxMetropole","sdisStation","","","","","France","","","","not_found","","","","","Recherche officielle à poursuivre avec le SDIS 33 ou la commune."
"northbasin-ares-lege-cap-ferret","Arès / Lège-Cap-Ferret","northBasin","sdisStation","","","","","France","","","","not_found","","","","","Recherche officielle à poursuivre avec le SDIS 33 ou la commune."
"northbasin-andernos-les-bains-lanton","Andernos-les-Bains / Lanton","northBasin","sdisStation","","","","","France","","","","not_found","","","","","Recherche officielle à poursuivre avec le SDIS 33 ou la commune."
"southbasin-arcachon","Arcachon","southBasin","sdisStation","","","","","France","","","","not_found","","","","","Recherche officielle à poursuivre avec le SDIS 33 ou la commune."
"southbasin-biganos","Biganos","southBasin","sdisStation","","","","","France","","","","not_found","","","","","Recherche officielle à poursuivre avec le SDIS 33 ou la commune."
"southbasin-gujan-mestras-le-teich","Gujan-Mestras / Le Teich","southBasin","sdisStation","","","","","France","","","","not_found","","","","","Recherche officielle à poursuivre avec le SDIS 33 ou la commune."
"southbasin-la-teste-de-buch-pyla-sur-mer","La Teste-de-Buch / Pyla-sur-Mer","southBasin","sdisStation","","","","","France","","","","not_found","","","","","Recherche officielle à poursuivre avec le SDIS 33 ou la commune."
"southbasin-marcheprime","Marcheprime","southBasin","sdisStation","","","","","France","","","","not_found","","","","","Recherche officielle à poursuivre avec le SDIS 33 ou la commune."
"southbasin-mios","Mios","southBasin","sdisStation","","","","","France","","","","not_found","","","","","Recherche officielle à poursuivre avec le SDIS 33 ou la commune."
"medoc-castelnau-de-medoc","Castelnau-de-Médoc","medoc","sdisStation","","","","","France","","","","not_found","","","","","Recherche officielle à poursuivre avec le SDIS 33 ou la commune."
"medoc-carcans-hourtin","Carcans / Hourtin","medoc","sdisStation","","","","","France","","","","not_found","","","","","Recherche officielle à poursuivre avec le SDIS 33 ou la commune."
"medoc-lacanau","Lacanau","medoc","sdisStation","","","","","France","","","","not_found","","","","","Recherche officielle à poursuivre avec le SDIS 33 ou la commune."
"medoc-lesparre-medoc","Lesparre-Médoc","medoc","sdisStation","","","","","France","","","","not_found","","","","","Recherche officielle à poursuivre avec le SDIS 33 ou la commune."
"medoc-pauillac","Pauillac","medoc","sdisStation","","","","","France","","","","not_found","","","","","Recherche officielle à poursuivre avec le SDIS 33 ou la commune."
"medoc-soulac-sur-mer-le-verdon","Soulac-sur-Mer / Le Verdon","medoc","sdisStation","","","","","France","","","","not_found","","","","","Recherche officielle à poursuivre avec le SDIS 33 ou la commune."
"medoc-vendays-montalivet","Vendays-Montalivet","medoc","sdisStation","","","","","France","","","","not_found","","","","","Recherche officielle à poursuivre avec le SDIS 33 ou la commune."
"southgironde-belin-beliet","Belin-Béliet","southGironde","sdisStation","","","","","France","","","","not_found","","","","","Recherche officielle à poursuivre avec le SDIS 33 ou la commune."
"southgironde-cestas","Cestas","southGironde","sdisStation","","","","","France","","","","not_found","","","","","Recherche officielle à poursuivre avec le SDIS 33 ou la commune."
"southgironde-creon","Créon","southGironde","sdisStation","","","","","France","","","","not_found","","","","","Recherche officielle à poursuivre avec le SDIS 33 ou la commune."
"southgironde-la-brede","La Brède","southGironde","sdisStation","","","","","France","","","","not_found","","","","","Recherche officielle à poursuivre avec le SDIS 33 ou la commune."
"southgironde-langon","Langon","southGironde","sdisStation","","","","","France","","","","not_found","","","","","Recherche officielle à poursuivre avec le SDIS 33 ou la commune."
"southgironde-le-barp","Le Barp","southGironde","sdisStation","","","","","France","","","","not_found","","","","","Recherche officielle à poursuivre avec le SDIS 33 ou la commune."
"southgironde-podensac","Podensac","southGironde","sdisStation","","","","","France","","","","not_found","","","","","Recherche officielle à poursuivre avec le SDIS 33 ou la commune."
"southgironde-saint-symphorien","Saint-Symphorien","southGironde","sdisStation","","","","","France","","","","not_found","","","","","Recherche officielle à poursuivre avec le SDIS 33 ou la commune."
"southgironde-salles","Salles","southGironde","sdisStation","","","","","France","","","","not_found","","","","","Recherche officielle à poursuivre avec le SDIS 33 ou la commune."
"southgironde-bazas","Bazas","southGironde","sdisStation","","","","","France","","","","not_found","","","","","Recherche officielle à poursuivre avec le SDIS 33 ou la commune."
"southgironde-cadillac","Cadillac","southGironde","sdisStation","","","","","France","","","","not_found","","","","","Recherche officielle à poursuivre avec le SDIS 33 ou la commune."
"southgironde-la-reole","La Réole","southGironde","sdisStation","","","","","France","","","","not_found","","","","","Recherche officielle à poursuivre avec le SDIS 33 ou la commune."
"southgironde-sauveterre-de-guyenne","Sauveterre-de-Guyenne","southGironde","sdisStation","","","","","France","","","","not_found","","","","","Recherche officielle à poursuivre avec le SDIS 33 ou la commune."
"southgironde-targon","Targon","southGironde","sdisStation","","","","","France","","","","not_found","","","","","Recherche officielle à poursuivre avec le SDIS 33 ou la commune."
"libournais-branne","Branne","libournais","sdisStation","","","","","France","","","","not_found","","","","","Recherche officielle à poursuivre avec le SDIS 33 ou la commune."
"libournais-castillon-la-bataille","Castillon-la-Bataille","libournais","sdisStation","","","","","France","","","","not_found","","","","","Recherche officielle à poursuivre avec le SDIS 33 ou la commune."
"libournais-coutras","Coutras","libournais","sdisStation","","","","","France","","","","not_found","","","","","Recherche officielle à poursuivre avec le SDIS 33 ou la commune."
"libournais-libourne","Libourne","libournais","sdisStation","","","","","France","","","","not_found","","","","","Recherche officielle à poursuivre avec le SDIS 33 ou la commune."
"libournais-pujols","Pujols","libournais","sdisStation","","","","","France","","","","not_found","","","","","Recherche officielle à poursuivre avec le SDIS 33 ou la commune."
"libournais-sainte-foy-la-grande","Sainte-Foy-la-Grande","libournais","sdisStation","","","","","France","","","","not_found","","","","","Recherche officielle à poursuivre avec le SDIS 33 ou la commune."
"libournais-saint-denis-de-pile","Saint-Denis-de-Pile","libournais","sdisStation","","","","","France","","","","not_found","","","","","Recherche officielle à poursuivre avec le SDIS 33 ou la commune."
"libournais-saint-emilion","Saint-Émilion","libournais","sdisStation","","","","","France","","","","not_found","","","","","Recherche officielle à poursuivre avec le SDIS 33 ou la commune."
"libournais-saint-seurin-sur-l-isle","Saint-Seurin-sur-l'Isle","libournais","sdisStation","","","","","France","","","","not_found","","","","","Recherche officielle à poursuivre avec le SDIS 33 ou la commune."
"hautegironde-blaye","Blaye","hauteGironde","sdisStation","","","","","France","","","","not_found","","","","","Recherche officielle à poursuivre avec le SDIS 33 ou la commune."
"hautegironde-bourg","Bourg","hauteGironde","sdisStation","","","","","France","","","","not_found","","","","","Recherche officielle à poursuivre avec le SDIS 33 ou la commune."
"hautegironde-cavignac","Cavignac","hauteGironde","sdisStation","","","","","France","","","","not_found","","","","","Recherche officielle à poursuivre avec le SDIS 33 ou la commune."
"hautegironde-saint-andre-de-cubzac","Saint-André-de-Cubzac","hauteGironde","sdisStation","","","","","France","","","","not_found","","","","","Recherche officielle à poursuivre avec le SDIS 33 ou la commune."
"hautegironde-saint-ciers-sur-gironde","Saint-Ciers-sur-Gironde","hauteGironde","sdisStation","","","","","France","","","","not_found","","","","","Recherche officielle à poursuivre avec le SDIS 33 ou la commune."
"hautegironde-saint-savin","Saint-Savin","hauteGironde","sdisStation","","","","","France","","","","not_found","","","","","Recherche officielle à poursuivre avec le SDIS 33 ou la commune."
"partnersites-parc-des-expositions-de-bordeaux","Parc des Expositions de Bordeaux","partnerSites","civilianReceptionSite","Cours Jules Ladoumègue","","33300","Bordeaux","France","Cours Jules Ladoumègue, 33300 Bordeaux, France","","","verified_official","Ville de Bordeaux","https://www.bordeaux.fr/agenda/le-triathlon-de-bordeaux","","2026-07-29","Adresse publique officielle. Entrée opérationnelle à confirmer."
"partnersites-croix-rouge-bordeaux","Croix-Rouge Bordeaux","partnerSites","redCross","","","","","France","","","","needs_confirmation","Croix-Rouge française","https://www.croix-rouge.fr/unite-locale-de-bordeaux","","","Plusieurs implantations sont mentionnées; le site opérationnel attendu doit être confirmé."
